필요 데이터,데이터 원천,데이터 출처,우선 순위,추가할 데이터·신청 링크,현재 보유여부,사용 내용(어디에 사용되는지),비고
의약품 마스터,DB 기반,식약처 품목정보·허가정보 + 심평원 약가마스터 + 굿팜/AI Mate 마스터,,의약품 제품 허가정보 개발계정 승인(26-09-18),보유,약품 검색·OCR 품목 식별·처방 카드·외부 DB 연결,"심평원 약가마스터 290,750행 확보(품목기준·대표·표준·제품·일반명코드·ATC·전문/일반). 약학정보원 SDCODE_MAPPING 152,757건으로 코드 매핑 확보. 기준일 2023-10-30 → 갱신본 필요"
성분코드·복합제 구성성분,DB 기반,심평원 약가마스터 + 약학정보원 DRUG_INFO + 내부 매핑,1순위,식약처 의약품안전사용서비스(DUR) 성분정보 — https://www.data.go.kr/data/15056780/openapi.do,보유,등록 약 중복·금기 점검 및 챗봇 근거 답변,"성분코드 9자리 체계 확보(일반명코드 137,715행). 복합제 구성성분은 약학정보원 DRUG_INFO의 ingr_type(단일/복합)·sunb(구성성분 전체)에 존재 — 텍스트라 파싱 필요, sunb_code 일부 결측. DUR 성분정보 API 승인(26-09-29)으로 보완. 처방 변화 1차 매칭은 앞 4자리 유지(REQ-A-04), 동일성분 중복은 DUR성분코드 사용(26-09-29 결정)"
병용금기,DB 기반,심평원 DUR 의약품 목록 + 약학정보원 DUR_INFO + 식약처 DUR 품목정보,1순위,식약처 의약품안전사용서비스(DUR) 품목정보 — https://www.data.go.kr/data/15059486/openapi.do,보유,현재 복용 약 조합 확인 → 처방 주의사항·챗봇 근거 답변·약사 상담 안내,"심평원 2026.6 배포본 성분쌍 23,639(제품 단위 873,147행·243MB) + 약학정보원 dur_contra 13,040. DUR 품목정보 API 승인(26-09-29). 공식 분류명 유지, 고객용 병용 주의 표현과 구분"
동일성분중복 — 공식 점검 기준/결과,DB 기반,심평원 DUR 점검(조제 시) → 약국 PIT/PM 로컬,,공공데이터 없음,보조 자료로 이용,처방전 간 동일성분중복 점검 기준 참조,DUR 중복 Alert는 PIT/PM 결과를 그대로 사용하고 3.0/고객앱에서 재판정하지 않음. 팝업 기준(동일의사 31일 이상·다른 의사 1일 이상)은 DUR 알림 제공 기준이므로 Rx Chat이 구현하지 않음. 고객앱 성분 비교는 DUR성분코드 기준으로 별도 수행
성분중복 — 자체 비교 Rule,DB 기반,내부 성분 마스터 + 고객 확정 처방/일반약,,—,보유(Key 확보 필요),내가 등록한 약에 같은 성분이 있는지 표시,"판정 Key = DUR성분코드(제품코드→DUR성분코드 매핑, 26-09-29 결정). 단일제·3성분 이하 복합제는 성분별, 4성분 이상은 단일코드. 처방 변화 판정의 앞 4자리 Primary Key와는 목적이 다름. 출처는 「내 처방·구매 기록의 성분 비교」로 표기"
효능군중복,DB 기반,식약처 DUR 품목정보,1순위,식약처 의약품안전사용서비스(DUR) 품목정보 — https://www.data.go.kr/data/15059486/openapi.do,승인 완료 · 연동 전,유사 효능 약물의 중복 가능성 점검 → 챗봇 설명·약사 상담 연결,"PIT/PM이 내려준 DUR 결과 그대로 사용(약사 환경). 고객앱은 DUR 품목정보 API(승인 26-09-29)로 확인. 단일제·3성분 이하 복합제는 성분별, 4성분 이상은 단일코드"
임부금기,DB 기반,심평원 DUR 의약품 목록 + 약학정보원 DUR_INFO + 식약처 DUR 품목정보,1순위,식약처 의약품안전사용서비스(DUR) 품목정보 — https://www.data.go.kr/data/15059486/openapi.do,보유,임신 관련 질문에 조건부 안내. 정보 미확인 시 개인 적용 판정 보류,"심평원 19,015행(금기등급 1등급 3,132·2등급 15,480·M 59) + 약학정보원 dur_preg 25,638. 개인화 점검에는 임신 여부 입력 필요 — 법무 확인 중"
특정연령금기,DB 기반,심평원 DUR 의약품 목록 + 약학정보원 DUR_INFO + 식약처 DUR 품목정보,1순위,식약처 의약품안전사용서비스(DUR) 품목정보 — https://www.data.go.kr/data/15059486/openapi.do,보유,연령별 금기 확인·상담 안내. 연령 미확인 시 판정 보류,"심평원 2,866행(특정연령·단위(세/개월/주)·처리조건(미만/이하) 필드 분리) + 약학정보원 dur_age 3,912"
노인주의,DB 기반,심평원 DUR 의약품 목록 + 약학정보원 DUR_INFO,1순위,식약처 의약품안전사용서비스(DUR) 품목정보 — https://www.data.go.kr/data/15059486/openapi.do,보유,고령 고객 복용주의 설명·약사 상담 연결,"심평원 557행 + 해열진통소염제 1,034행 + 약학정보원 dur_senior 2,251. 주의와 금기는 구분"
용량주의,DB 기반,약학정보원 DUR_INFO + 식약처 DUR 품목정보,1순위,식약처 의약품안전사용서비스(DUR) 품목정보 — https://www.data.go.kr/data/15059486/openapi.do,보유,일일 투여량 점검·용량 관련 챗봇 답변. 필수 조건 누락 시 판정 보류,"약학정보원 dur_dosage 5,853건 — ""1일 최대 투여량 - 멜록시캄 15mg"" 형태라 성분량·단위 파싱 필요. 별도 「성분별 1일 최대투여량」 신청 불필요"
투여기간주의,DB 기반,약학정보원 DUR_INFO + 식약처 DUR 품목정보,1순위,식약처 의약품안전사용서비스(DUR) 품목정보 — https://www.data.go.kr/data/15059486/openapi.do,보유,기간 관련 상담·주의사항 안내. 실제 연속 복용기간은 별도 확인,"약학정보원 dur_period 740건 — ""최대 투여기간 - 15일"" 형태. 처방기간과 실제 복용기간 구분"
서방정 등 분할·분쇄주의,DB 기반,약학정보원 DUR_INFO + 식약처 DUR 품목정보,1순위,식약처 의약품안전사용서비스(DUR) 품목정보 — https://www.data.go.kr/data/15059486/openapi.do,보유,쪼개기·분쇄 가능 여부 질문의 근거 답변,"약학정보원 dur_form 2,254건. 제형 명칭만으로 일괄 판정 금지"
안전성 사용중지·회수 정보,DB 기반,식약처 의약품 회수·판매중지 정보,1순위,식약처 의약품 회수·판매중지 정보 — https://www.data.go.kr/data/15059114/openapi.do,승인 완료 · 연동 전,약품 검색·처방 카드의 안전성 알림,API 승인(26-09-29). 일 1회 조회·적재 예정. 품목기준코드로 약품 마스터 연결. 회수와 전체 사용중지를 구분해 문구 분리
e약은요·품목 허가사항,DB 기반,식약처 e약은요·의약품 제품 허가정보,,—,보유,효능·용법·주의·부작용 등 챗봇 근거 답변,"개발계정 승인(e약은요, 제품 허가정보 26-09-18). 수집·연동은 별도. 약학정보원 DRUG_INFO로 상당 부분 대체 가능"
약학정보원 상세정보,DB 기반,약학정보원 api.health.kr,,—,보유,복약 안내·의약품 상세 화면 보강,DRUG_INFO.xml 필드 52개 확보(효능·용법·주의·분류·첨가제·ATC·이미지). 고객앱 활용 범위·재배포·AI 활용은 계약 확인 필요
DIND(Drug-Induced Nutrient Depletion),DB 기반,AI Mate 보유 데이터 + 문헌,,—,부분 보유,약물 복용과 관련한 영양소 감소 가능성 설명·상담 후보 생성,"DIND.복합성분추가.210924.xlsx 13,558행·성분코드 3,869·영양소 35종·기전·근거문헌 포함(Drug Muggers 인용 7,493행). 적용 조건·근거수준·검수일·검수자 없음 → 운영 필드 보강 필요. DUR와 분리, 결핍 확정 금지"
AI Mate 영양소 Master,DB 기반,AI Mate 내부 영양소 마스터,,—,부분 보유,DIND 영양소 ID를 설명·상담 콘텐츠와 연결,위 파일의 관련카테고리·추천효능군 25종 확인. 영양소명/별칭/단위 정규화와 상품 연결은 별도
영양소 → 상품 매핑,DB 기반,AI Mate Master + 약국 설정 상품·상품 마스터,2순위·상품 추천 도입 시,건강기능식품정보 API 개발계정 승인(26-09-29) — 연동 후 내부 저장소 적재 예정,확인필요,영양소 상담·상품 후보·약국 재고 지도 연결,"건강기능식품정보 API 승인(26-09-29), 연동은 MVP 이후. 영양소ID↔상품코드/바코드 매핑 별도 구축"
약국 실재고,DB 기반,참여 약국 재고/POS/조제 시스템 연계,,—,확인필요,약품·관련 상품 검색 → 보유 약국 지도,"약국ID×품목/상품ID 기준. 장부재고≠판매가능재고, 갱신 지연·예약분 처리 확인"
재고 최종 반영시각,DB 기반,재고 연계 이벤트·동기화 로그,,—,확인필요,"재고 지도에 최신성 표시, 오래된 재고는 전화 확인 유도",원천 갱신시각/수신시각 분리. 조회 가능 여부 개발 확인 중
약국 정보,DB 기반,굿팜 참여 약국 마스터 + 심평원 약국정보서비스·국립중앙의료원,,—,보유,지도 핀·주소·전화·운영시간·길찾기,개발계정 승인. 참여 약국 내부정보·좌표 정합성·휴무 갱신 주체 확인
사용자 위치,고객 단말,기기 좌표 또는 직접 입력 주소,,—,서비스 구현,내 주변 약국/재고 지도·거리 정렬,"요청 시 수집, 거리 계산 후 파기. 위치정보 약관·이용사실 확인자료 보유기간·위치기반서비스 신고 법무 확인"
위치권한·약관 동의 상태,DB 기반,OS/브라우저 권한 + 굿팜 동의 이력,,—,서비스 구현,"허용/처음/거절 분기, 거절 시 주소 검색 제공",기기 권한과 서비스 동의 분리. 약관 버전·동의/철회 시각 관리
서비스 안내·FAQ·상담 연결 정책,DB 기반,굿팜 운영 정책·약사 검수 콘텐츠,,—,확인필요,처방 없이 문의·기능 안내·답변 불가 시 약사 연결,근거 자료 위치 사내 확인 필요. 의학정보 안내와 개인 진단 구분
장기복용 기준,DB 기반,굿팜 AI 약력관리 + 문헌·전문가 검수,,—,확인필요,장기복용 표시·DIND 상담 노출 조건·후속 질문,AI 약력관리 기준값(기간·횟수) 사내 확인 중. 모든 약에 동일 일수 적용 금지
근거·버전 메타데이터,DB 기반,각 원천 제공기관 + 내부 수집/검수 이력,,—,미구축,챗봇 답변 출처 표시·판정 재현·근거 변경 시 답변 갱신,출처URL/원본 필드/버전/시행일/수집일/검수일·검수자. DIND와 의약품 상세정보 계보 분리. 우리가 만든다
처방 OCR 원본 이미지,고객이 업로드,고객 처방전 촬영·업로드,,—,서비스 후 생성,"처방 등록 → OCR 추출, 인식 오류 확인",지킴 OCR 사용 중(처방 오더). 보관·파기 정책 법무 검토. 가상 프로토타입 데이터는 실보유로 보지 않음
처방 OCR 구조화값,고객이 업로드,OCR 엔진 결과 + 굿팜 처방 저장소,,—,서비스 후 생성,약품명·함량·용법 추출 → 값 확인 화면·처방 카드,품목 매칭 실패 상태 관리. 고객 확인 전 확정 금지
고객 수정값·확정 이력,고객이 업로드,값 확인 화면,,—,서비스 후 생성,오인식 수정 → 확정 처방 기준으로 챗봇 상담,항목별 수정 방식 확정(약품명은 검색 선택·함량은 등록값 선택·횟수는 선택지). 수정 횟수를 OCR 판독 정확도로 집계
처방일·용법·1회량·횟수·투약일수,고객이 업로드,처방전 구조화값 + 고객 확정값,,—,서비스 후 생성,"복용 일정·기간 표시, 용량·기간 점검의 입력값","가상 데이터로 판정 검증 완료. 처방일과 복용 시작일 구분, 단위 정규화"
이전 처방·현재 복용/중단·잔여약 상태,고객이 업로드,굿팜 처방 이력 + 고객 확인,,—,서비스 후 생성,"최초/변경/동일 유형 분기, 빠진 약·함량·제품 변경 설명",이번 처방에서 빠졌다고 중단으로 단정 금지(최근 처방 미포함). 투약일수 종료 약은 카드 대신 질문 답변으로
구매 일반약·영수증,고객이 업로드,고객 영수증 OCR·수기 입력 + 약국 구매내역,,—,서비스 후 생성,처방약과 일반약을 함께 먹어도 되는지 상담,구매≠복용. 「최근 구매 기록에 있는」으로 표기. 건강기능식품과 일반약 분리
고객 연령·임신 여부 등 추가 상담정보,고객이 업로드,고객 명시 입력·필요 시 추가 질문,,—,확인필요,임부·연령 조건 및 개인화 점검 입력 보완,그 질문을 고를 때만 입력받아 판단에 쓰고 누적하지 않는 방향 — 입력·저장·파기·전송·동의·보관기간 법무 확인 중
약제 허가사항 (용법·용량·연령),DB 기반,심평원 약제 허가사항 전산심사 + 식약처 허가정보,1순위,확보 경로 확인 필요,보유,용량·연령 질문 답변의 근거 (기준값 전달),【결정 26-09-29】답변 근거까지만 사용. 허가초과 자동판정과 허가초과 비급여 승인·불승인 사례 DB는 MVP 제외. 데이터는 의약품 제품 허가정보 API(승인 26-09-18)·약학정보원 DRUG_INFO로 이미 보유
DUR성분코드,DB 기반,의약품안전나라 · 요양기관업무포털,1순위,확보 경로 확인 필요,확인필요,동일 유효성분 중복·DUR 안전성 판정 Key. 처방 변화 2차 매칭(염이 달라 앞 4자리가 갈릴 때),"【결정 26-09-29】Primary Key는 성분코드 앞 4자리(REQ-A-04) 유지, DUR성분코드는 Secondary로 추가. 주성분코드 1개가 여러 DUR성분코드로 분리(511600ATB → D000152·D000485). 1차 매칭 실패 시 DUR성분코드가 같으면 CONTINUE가 아니라 CHANGED(유효성분 변형 변경)로 처리. 의약품안전나라·요양기관업무포털에서 확보"
ATC 코드,DB 기반,심평원 ATC 부여 목록(전체·급여·신규변경) 2026.6,,—,보유,계열·분류 비교 보조 (동일 약물 판정 Key 아님),"【결정 26-09-29】2025.9 제3자 배포본 → 2026.6 공식 자료로 교체. 전체 166,553행(품목기준·대표·표준코드)과 급여 21,900행(주성분코드)을 각각 Master로 유지. 월별 신규·변경 목록으로 증분 갱신"
