구분,점검 항목,지침이 정한 기준,근거 고시·공고,우리 설계와의 관계,결정 / 확인 필요
처방전 내 점검,병용금기 의약품,"병용금기 의약품 - 식품의약품안전처 고시에 의거 함께 사용하면 부작용 발생 등의 우려가 있는 의약품에 대해 처방전 내 및 처방전 간 점검 실시 - 입원 처방 및 원내 조제와 해당 입원의 퇴원약 처방·원내 조제 간 중복일 경우, 팝업창 제공 제외 - 금기약 임에도 불구하고 처방․조제 시 예외사유 기재 ∙ 단, 케토롤락 주사제와 해열진통소염제(NSAID) 경구제가 1일 처방전 내 병용금기인 경우 예외사유 기재 생략",「의약품 병용금기 성분 등의 지정에 관한 규정」(식품의약품안전처 고시),DUR 품목정보·심평원 목록으로 확보. 처방전 내·간 모두 점검,처방전 간 점검은 고객앱에서 단말 이력으로만 가능
처방전 내 점검,특정 연령대 금기 의약품,"특정 연령대 금기 의약품 - 식품의약품안전처 고시에 의거 소아, 노인 등 특정한 연령대의 환자가 사용하면 부작용 발생 등의 우려가 있는 의약품에 대해 처방전 내 점검 실시 - 수진자 주민등록번호의 생년월일 기준 점검 - 금기약 임에도 불구하고 처방·조제 시 예외사유 기재",「의약품 병용금기 성분 등의 지정에 관한 규정」(식품의약품안전처 고시),연령금기 데이터 확보,생년월일 기준. 고객앱은 고객 입력에 의존 — 법무 확인 중
처방전 내 점검,임부금기 의약품,임부금기 의약품 - 식품의약품안전처 고시에 의거 임부에게 사용하는 것이 권장되지 않는 의약품에 대해 처방전 내 점검 실시 - 등급별 사유기재 여부 ∙ 1등급 의약품: 부득이하게 처방·조제 시 예외사유 기재 ∙ 2등급 의약품: 예외사유 기재 불필요 ∙ M등급: 상병*에 따른 1등급 또는 2등급 여부에 따라 사유기재 * 통계청 고시 「한국표준질병·사인분류」에 따름,「의약품 병용금기 성분 등의 지정에 관한 규정」(식품의약품안전처 고시),임부금기 데이터·등급(1·2) 확보,"【결정 26-09-29】공식 등급과 확인 행동을 그대로 전달. 1등급=금기 정보 등록·복용 전 확인 필요 / 2등급=임신 중이면 확인 / M등급=상병에 따라 달라질 수 있음. ""절대 금지""·""먹어도 됨"" 식 해석 금지"
처방전 내 점검,안전성 관련 사용중지 의약품,"안전성 관련 사용중지 의약품 - 식품의약품안전처의 안전성 속보 배포 또는 행정처분 등으로 급여중지 또는 사용중지 되는 의약품에 대해 처방전 내 점검 실시 - 식품의약품안전처장이 회수·폐기를 공표한 의약품에 대해 처방전 내 점검 실시 ∙ 단, 위해등급 2·3등급의 일부 제조번호 회수·폐기인 경우 점검 제외(‘DUR 알리미’를 통해 정보제공)",식품의약품안전처 안전성 속보 및 행정처분 등,회수·판매중지 API 승인(26-09-29),회수·판매중지 API 승인(26-09-29). 위해등급 2·3등급 일부 제조번호 회수는 점검 제외 규정 확인
처방전 내 점검,안전성 관련 사용주의 의약품,안전성 관련 사용주의 의약품 - 안전성 서한 대상 의약품 중 보건복지부장관 또는 식품의약품안전처장이 정보시스템을 통해 점검을 요청하는 경우 처방전 내 점검 실시,식품의약품안전처 안전성 서한 등,안전성 서한 대상,별도 요청 시 점검 — 우리 범위 검토 필요
처방전 간 점검,동일성분 중복의약품,"동일성분 중복의약품 - 동일성분 중복의약품의 DUR점검은 DUR성분코드를 기준으로 유효성분이 동일한 의약품끼리 처방전 간 점검 실시 * “유효성분”은 내재된 약리작용에 의하여 그 의약품의 효능·효과를 직접 또는 간접적으로 발현한다고 기대되는 물질 또는 물질군으로서 주성분을 말함 ** DUR성분코드: 식품의약품안전처 의약품안전나라 및 건강보험심사평가원 요양기관업무포털 참고 - 단일제 및 복합제(3성분 이내)의 경우 DUR성분코드를기준으로 개별성분에 대하여 각각 점검 실시 * 예시: 511600ATB(주성분코드) → D000152, D000485(DUR성분코드)로 점검됨 ∙ 단, 4성분 이상 복합제의 경우 단일코드로 점검(기존 성분의 조합 및 함량에 따른 점검) - 의약품 처방·조제의 목적이 처치 및 진단검사 등인 경우 점검대상에서 제외함([별표6] 해당 분류번호 의약품, 예시: 생리식염주사액 등) - 외래 원외·원내 처방 및 조제, 퇴원약 처방·조제, 약국의 처방전에 따른 조제 및 직접 조제 간 점검결과는 동일의사 처방은 31일 이상 중복일 경우, 다른 의사 간 처방은 1일 이상 중복 시 팝업창 제공 - 입원진료 처방 및 원내 조제의 경우, 다른 요양기관 간 처방이 1일 이상 중복일 경우 팝업창 제공 ∙ 입원환자의 동일기관내 입원 처방 및 원내 조제 간 중복일 경우, 팝업창 제공 제외 - 입원진료 처방 및 원내 조제와 해당 입원의 퇴원약 처방·원내 조제 간 중복일 경우, 팝업창 제공 제외 - 부득이하게 처방·조제 시 예외 사유기재 ∙ 단, 마약류 의약품을 제외한 의약품이 1~2일 동일성분 중복인 경우 예외사유 기재 생략 * “마약류 의약품”이란 마약·향정신성의약품을 말함.","의료법, 약사법",고객앱은 자체 성분 비교로 판정(보조 자료),"【결정 26-09-29】① 매칭 Key: 처방 변화 판정은 성분코드 앞 4자리(Primary, REQ-A-04) 유지, 동일성분 중복·안전성 판정은 DUR성분코드(Safety Key). 1차 매칭 실패 시 DUR성분코드가 같으면 CHANGED(유효성분 변형 변경)로 처리하고 CONTINUE로 보지 않음. ② DUR 중복 Alert는 PIT/PM 결과 그대로 사용, 재판정 안 함. 팝업 기준(동일의사 31일·타의사 1일)은 구현하지 않음. ③ Rx Chat 성분 비교는 날짜로 숨기지 않음"
처방전 내·간 점검,효능군 중복 의약품,"효능군 중복 의약품 - 식품의약품안전처 공고에 의거 동일한 약물 효능 또는 동일한 약물 계열에 속하는 의약품이 함께 투여되는 경우 처방전 간 점검 실시 - 단일제 및 복합제(3성분 이내)의 경우 개별성분에 대하여 각각 점검 실시 - 외래 원외·원내 처방 및 조제, 퇴원약 처방·조제, 약국의 처방전에 따른 조제 및 직접 조제는 동일의사 처방은 31일 이상 중복일 경우, 다른 의사 간 처방은 1일 이상 중복 시 팝업창 제공 - 입원진료 처방 및 원내 조제의 경우, 다른 요양기관 간 처방이 1일 이상 중복일 경우 팝업창 제공 ∙ 입원환자의 동일기관내 입원 처방 및 원내 조제 간 중복일 경우, 팝업창 제공 제외 - 입원진료 처방 및 원내 조제와 해당 입원의 퇴원약 처방·원내 조제 간 중복일 경우, 팝업창 제공 제외 - 부득이하게 처방‧조제 시 예외사유 기재 ∙ 단, 마약류 의약품*을 제외한 의약품이 1~2일 효능군 중복인 경우 예외사유 기재 생략 * “마약류 의약품”이란 마약·향정신성의약품을 말함",식품의약품안전처 공고,DUR 품목정보 API 승인(26-09-29),【결정 26-09-29】PIT/PM이 내려준 DUR 결과 그대로 사용. 고객앱은 DUR 품목정보(승인 26-09-29)로 확인. 4성분 이상 복합제는 단일코드 기준
처방전 내·간 점검,용량주의 의약품(1일 최대투여량),"용량주의 의약품(1일 최대투여량) - 식품의약품안전처 공고에 의거 1일 최대 투여량을 초과하는 의약품에 대해 처방전 내 점검 실시 - 식품의약품안전처 고시에 의거 마약류의 오남용 방지를 위한 조치가 필요한 의약품에 대해 처방전 내 점검 실시 ∙ 질환별 적용기준이 상이한 경우 점검 제외 - 부득이하게 처방·조제 시 예외사유 기재 * 단, 마약류 의약품을 제외한 의약품이 1일 최대투여량을 초과할 경우 예외사유 기재 생략","식품의약품안전처 공고, 「마약류 오남용 방지를 위한 조치기준」(식품의약품안전처 고시)",약학정보원 dur_dosage 확보,마약류는 별도 고시 기준. 성분량·단위 정규화 필요
처방전 내·간 점검,투여기간주의 의약품(최대투여기간),"투여기간주의 의약품(최대투여기간) - 식품의약품안전처 공고에 의거 총 투여일수가 최대투여기간을 초과하는 의약품에 대해 처방전 내 점검 실시 - 식품의약품안전처 고시에 의거 마약류의 오남용 방지를 위한 조치가 필요한 의약품에 대해 처방전 내 점검 실시 ∙ 질환별 적용기준이 상이한 경우 점검 제외 - 부득이하게 처방·조제 시 예외사유 기재 * 단, 마약류 의약품을 제외한 의약품이 최대투여기간을 초과할 경우 예외사유 기재 생략","식품의약품안전처 공고, 「마약류 오남용 방지를 위한 조치기준」(식품의약품안전처 고시)",약학정보원 dur_period 확보,총 투여일수 기준. 처방기간과 실제 복용기간 구분
처방전 내·간 점검,노인주의 의약품,노인주의 의약품 - 식품의약품안전처 공고에 의거 노인주의 의약품에 대해 처방전 내 점검 실시 - 수진자 나이가 주민등록번호의 생년월일 기준 65세 이상,식품의약품안전처 공고,노인주의 데이터 확보,65세 이상 기준 확정. 고객앱은 생년월일·연령 입력 필요(법무 확인 중)
처방전 내·간 점검,분할주의 의약품,분할주의 의약품 - 식품의약품안전처 공고에 의거 분할 투여 시 주의가 필요한 의약품에 대해 1회 투여량을 기준으로 처방전 내 점검 실시,식품의약품안전처 공고,약학정보원 dur_form 확보,1회 투여량 기준 점검 — 제형 명칭으로 판정하지 않음
기타 점검,비용효과적인 함량 사용대상 의약품,"비용효과적인 함량 사용대상 의약품 - [별표7]의 기준에 의거 심사평가원의 원장이 공고한 동일한 제조업자(수입자)가 제조(수입)한 동일 성분·동일 제형이지만 함량이 다른 의약품이 유통되고 있는 의약품에 대해, 1회 투여량을 기준으로 처방전 내 점검 실시",별표 7,대상 아님,청구 관련 점검 — 고객앱 범위 밖
기타 점검,기 조제 완료 처방전 점검,"기 조제 완료 처방전 점검 - 수진자 주민등록번호, 처방전발행기관기호, 처방전교부번호가 동일한 경우 약국명칭 및 연락처와 함께 조제된 처방전이라는 내용의 메시지 제공",,대상 아님,약국 조제 단계 — 고객앱 범위 밖
기타 점검,점검 제외 기준,"점검 제외 기준 - 신생아(생년월일+3(4)*000000), 행려환자, 보장시설 입소자, 무호적자인 경우 처방전 간 점검 제외 * 2000년 이후 출생자 기준",,참고,신생아·행려환자 등은 처방전 간 점검 제외
기타 점검,약제 허가사항 관련 주의 의약품,"약제 허가사항 관련 주의 의약품 - 식품의약품안전처 허가사항을 초과하여 처방·조제하는 의약품에 대하여 처방전 내 점검 실시 ∙ 심사평가원에서 ‘약제 허가사항 전산심사’에 해당하는 의약품으로 약제 효능·효과, 용법·용량 상의 연령, 성별, 1일 최대용량 등을 기준으로 함",심사평가원 약제 허가사항 전산심사,보유(제품 허가정보 API·약학정보원 DRUG_INFO) — 답변 근거로 사용,【결정 26-09-29】1일 최대용량·연령 기준을 사실로 전달. 허가초과 자동판정과 허가초과 비급여 승인·불승인 사례 DB는 MVP 제외 — 초과 판정은 처방 비판으로 읽히기 때문
기타 점검,생산·수입·공급 중단 의약품,생산·수입·공급 중단 의약품 - 식품의약품안전처장이 공개한 생산·수입·공급 중단 의약품에 대해 처방전 내 점검 실시 ∙ 동일 품목허가(신고) 제품의 모든 포장단위의 공급이 중단된 의약품을 대상으로 함,「생산·수입·공급 중단 보고대상의약품 보고규정」(식품의약품안전처 고시),대상 아님,【결정 26-09-29】이번 범위에서 제외. 도입 시 공급중단 정보 API 신청
기타 점검,의약품 부작용 피해구제 대상 의약품,"의약품 부작용 피해구제 대상 의약품 - 한국의약품안전관리원이 제공한 의약품 부작용 피해구제 대상자의 부작용 의약품에 대해 처방전 내 점검 실시 - 의약품 성분명, 부작용명, 부작용 발생일 정보 제공",「의약품부작용 피해구제에 관한 규정」(대통령령),대상 아님,개인 피해구제 이력 — 고객앱 범위 밖
기타 점검,비대면 진료 관련 처방금지 의약품,비대면 진료 관련 처방금지 의약품 - 보건복지부의 비대면 진료 시범사업에 의거 비대면 진료 시 처방금지 되는 의약품에 대해 처방전 내 점검 실시,"보건의료기본법, 의료법, 약사법,보건복지부 공고",대상 아님,처방 단계 점검 — 고객앱 범위 밖
